{
    "weightForAge": {
        "male": {
            "0": { "L": 0.3809, "M": 32.322, "S": 0.14171 },
            "1": { "L": 0.1714, "M": 41.873, "S": 0.13724 },
            "2": { "L": 0.0962, "M": 51.282, "S": 0.13 },
            "3": { "L": 0.0402, "M": 58.458, "S": 0.12619 },
            "4": { "L": -0.005, "M": 64.237, "S": 0.12402 },
            "5": { "L": -0.043, "M": 68.985, "S": 0.12274 },
            "6": { "L": -0.0756, "M": 7.297, "S": 0.12204 },
            "7": { "L": -0.1039, "M": 76.422, "S": 0.12178 },
            "8": { "L": -0.1288, "M": 79.487, "S": 0.12181 },
            "9": { "L": -0.1507, "M": 82.254, "S": 0.12199 },
            "10": { "L": -0.17, "M": 8.48, "S": 0.12223 },
            "11": { "L": -0.1872, "M": 87.192, "S": 0.12247 },
            "12": { "L": -0.2024, "M": 89.481, "S": 0.12268 },
            "13": { "L": -0.2158, "M": 91.699, "S": 0.12283 },
            "14": { "L": -0.2278, "M": 9.387, "S": 0.12294 },
            "15": { "L": -0.2384, "M": 96.008, "S": 0.12299 },
            "16": { "L": -0.2478, "M": 98.124, "S": 0.12303 },
            "17": { "L": -0.2562, "M": 100.226, "S": 0.12306 },
            "18": { "L": -0.2637, "M": 102.315, "S": 0.12309 },
            "19": { "L": -0.2703, "M": 104.393, "S": 0.12315 },
            "20": { "L": -0.2762, "M": 106.464, "S": 0.12323 },
            "21": { "L": -0.2815, "M": 108.534, "S": 0.12335 },
            "22": { "L": -0.2862, "M": 110.608, "S": 0.1235 },
            "23": { "L": -0.2903, "M": 112.688, "S": 0.12369 },
            "24": { "L": -0.2941, "M": 114.775, "S": 0.1239 },
            "25": { "L": -0.2975, "M": 116.864, "S": 0.12414 },
            "26": { "L": -0.3005, "M": 118.947, "S": 0.12441 },
            "27": { "L": -0.3032, "M": 121.015, "S": 0.12472 },
            "28": { "L": -0.3057, "M": 123.059, "S": 0.12506 },
            "29": { "L": -0.308, "M": 125.073, "S": 0.12545 },
            "30": { "L": -0.3101, "M": 127.055, "S": 0.12587 },
            "31": { "L": -0.312, "M": 129.006, "S": 0.12633 },
            "32": { "L": -0.3138, "M": 13.093, "S": 0.12683 },
            "33": { "L": -0.3155, "M": 132.837, "S": 0.12737 },
            "34": { "L": -0.3171, "M": 134.731, "S": 0.12794 },
            "35": { "L": -0.3186, "M": 136.618, "S": 0.12855 },
            "36": { "L": -0.3201, "M": 138.503, "S": 0.12919 },
            "37": { "L": -0.3216, "M": 140.385, "S": 0.12988 },
            "38": { "L": -0.323, "M": 142.265, "S": 0.13059 },
            "39": { "L": -0.3243, "M": 14.414, "S": 0.13135 },
            "40": { "L": -0.3257, "M": 14.601, "S": 0.13213 },
            "41": { "L": -0.327, "M": 147.873, "S": 0.13293 },
            "42": { "L": -0.3283, "M": 149.727, "S": 0.13376 },
            "43": { "L": -0.3296, "M": 151.573, "S": 0.1346 },
            "44": { "L": -0.3309, "M": 15.341, "S": 0.13545 },
            "45": { "L": -0.3322, "M": 15.524, "S": 0.1363 },
            "46": { "L": -0.3335, "M": 157.064, "S": 0.13716 },
            "47": { "L": -0.3348, "M": 158.882, "S": 0.138 },
            "48": { "L": -0.3361, "M": 160.697, "S": 0.13884 },
            "49": { "L": -0.3374, "M": 162.511, "S": 0.13968 },
            "50": { "L": -0.3387, "M": 164.322, "S": 0.14051 },
            "51": { "L": -0.34, "M": 166.133, "S": 0.14132 },
            "52": { "L": -0.3414, "M": 167.942, "S": 0.14213 },
            "53": { "L": -0.3427, "M": 169.748, "S": 0.14293 },
            "54": { "L": -0.344, "M": 171.551, "S": 0.14371 },
            "55": { "L": -0.3453, "M": 173.347, "S": 0.14448 },
            "56": { "L": -0.3466, "M": 175.136, "S": 0.14525 },
            "57": { "L": -0.3479, "M": 176.916, "S": 0.146 },
            "58": { "L": -0.3492, "M": 178.686, "S": 0.14675 },
            "59": { "L": -0.3505, "M": 180.445, "S": 0.14748 },
            "60": { "L": -0.3518, "M": 182.193, "S": 0.14821 }
        },
        "female": {
            "0": { "L": 0.3487, "M": 33.464, "S": 0.14602 },
            "1": { "L": 0.2297, "M": 44.709, "S": 0.13395 },
            "2": { "L": 0.197, "M": 55.675, "S": 0.12385 },
            "3": { "L": 0.1738, "M": 63.762, "S": 0.11727 },
            "4": { "L": 0.1553, "M": 70.023, "S": 0.11316 },
            "5": { "L": 0.1395, "M": 75.105, "S": 0.1108 },
            "6": { "L": 0.1257, "M": 7.934, "S": 0.10958 },
            "7": { "L": 0.1134, "M": 8.297, "S": 0.10902 },
            "8": { "L": 0.1021, "M": 86.151, "S": 0.10882 },
            "9": { "L": 0.0917, "M": 89.014, "S": 0.10881 },
            "10": { "L": 0.082, "M": 91.649, "S": 0.10891 },
            "11": { "L": 0.073, "M": 94.122, "S": 0.10906 },
            "12": { "L": 0.0644, "M": 96.479, "S": 0.10925 },
            "13": { "L": 0.0563, "M": 98.749, "S": 0.10949 },
            "14": { "L": 0.0487, "M": 100.953, "S": 0.10976 },
            "15": { "L": 0.0413, "M": 103.108, "S": 0.11007 },
            "16": { "L": 0.0343, "M": 105.228, "S": 0.11041 },
            "17": { "L": 0.0275, "M": 107.319, "S": 0.11079 },
            "18": { "L": 0.0211, "M": 109.385, "S": 0.11119 },
            "19": { "L": 0.0148, "M": 11.143, "S": 0.11164 },
            "20": { "L": 0.0087, "M": 113.462, "S": 0.11211 },
            "21": { "L": 0.0029, "M": 115.486, "S": 0.11261 },
            "22": { "L": -0.0028, "M": 117.504, "S": 0.11314 },
            "23": { "L": -0.0083, "M": 119.514, "S": 0.11369 },
            "24": { "L": -0.0137, "M": 121.515, "S": 0.11426 },
            "25": { "L": -0.0189, "M": 123.502, "S": 0.11485 },
            "26": { "L": -0.024, "M": 125.466, "S": 0.11544 },
            "27": { "L": -0.0289, "M": 127.401, "S": 0.11604 },
            "28": { "L": -0.0337, "M": 129.303, "S": 0.11664 },
            "29": { "L": -0.0385, "M": 131.169, "S": 0.11723 },
            "30": { "L": -0.0431, "M": 13.3, "S": 0.11781 },
            "31": { "L": -0.0476, "M": 134.798, "S": 0.11839 },
            "32": { "L": -0.052, "M": 136.567, "S": 0.11896 },
            "33": { "L": -0.0564, "M": 138.309, "S": 0.11953 },
            "34": { "L": -0.0606, "M": 140.031, "S": 0.12008 },
            "35": { "L": -0.0648, "M": 141.736, "S": 0.12062 },
            "36": { "L": -0.0689, "M": 143.429, "S": 0.12116 },
            "37": { "L": -0.0729, "M": 145.113, "S": 0.12168 },
            "38": { "L": -0.0769, "M": 146.791, "S": 0.1222 },
            "39": { "L": -0.0808, "M": 148.466, "S": 0.12271 },
            "40": { "L": -0.0846, "M": 15.014, "S": 0.12322 },
            "41": { "L": -0.0883, "M": 151.813, "S": 0.12373 },
            "42": { "L": -0.092, "M": 153.486, "S": 0.12425 },
            "43": { "L": -0.0957, "M": 155.158, "S": 0.12478 },
            "44": { "L": -0.0993, "M": 156.828, "S": 0.12531 },
            "45": { "L": -0.1028, "M": 158.497, "S": 0.12586 },
            "46": { "L": -0.1063, "M": 160.163, "S": 0.12643 },
            "47": { "L": -0.1097, "M": 161.827, "S": 0.127 },
            "48": { "L": -0.1131, "M": 163.489, "S": 0.12759 },
            "49": { "L": -0.1165, "M": 16.515, "S": 0.12819 },
            "50": { "L": -0.1198, "M": 166.811, "S": 0.1288 },
            "51": { "L": -0.123, "M": 168.471, "S": 0.12943 },
            "52": { "L": -0.1262, "M": 170.132, "S": 0.13005 },
            "53": { "L": -0.1294, "M": 171.792, "S": 0.13069 },
            "54": { "L": -0.1325, "M": 173.452, "S": 0.13133 },
            "55": { "L": -0.1356, "M": 175.111, "S": 0.13197 },
            "56": { "L": -0.1387, "M": 176.768, "S": 0.13261 },
            "57": { "L": -0.1417, "M": 178.422, "S": 0.13325 },
            "58": { "L": -0.1447, "M": 180.073, "S": 0.13389 },
            "59": { "L": -0.1477, "M": 181.722, "S": 0.13453 },
            "60": { "L": -0.1506, "M": 183.366, "S": 0.13517 }
        }
    }
}
